Case,Components
Mainstream,IMM3_HW
Mainstream,chipset_device_driver
Mainstream,Purley_MS_EMC_ESD
Mainstream,cmm_i2c_mux_fpga
Mainstream,ThinkServer_fpga
Mainstream,imm3.platform.cable.hv
Mainstream,imm3.platform.Constantine.hv
Mainstream,imm3.platform.cyborg.hv
Mainstream,imm3.platform.odin.hv
Mainstream,imm3.platform.carnage.hv
Mainstream,internal_cables
Mainstream,0.kvm.screen
Mainstream,Rack_Rail
Mainstream,Mechanical_Constantine
Mainstream,Mechanical_cyborg
Mainstream,Mechanical_cable
Mainstream,HDD_tray
Mainstream,labels
Mainstream,Packaging_1U
Mainstream,Packaging_2U
Mainstream,HDD_BP
Mainstream,Mainboard
Mainstream,RiserCard
Mainstream,Component
Mainstream,specification.hv.system
Mainstream,SV_cyborg
Mainstream,SV_cable
Mainstream,PSU_CFF3
Mainstream,0.systemxhw.screen
Mainstream,Thermal_cable
Mainstream,Thermal
Mainstream,HeatSink
Mainstream,Thermal_cyborg
Mainstream,TCM
Mainstream,TPM2.0
Mainstream,UserManual
Mainstream,uefi4.odin.compal.hv
Mainstream,imm3.odin.compal.hv
Mainstream,uefi4.cable.inventec.hv
Mainstream,imm3.cable.inventec.hv
Mainstream,uefi4.cyborg.inventec.hv
Mainstream,imm3.cyborg.inventec.hv
Mainstream,Cable_IEC_HW
Mainstream,Cyborg_IEC_HW
Mainstream,0.usihw.screen
Mainstream,Carnage_Wistron_HW
Mainstream,uefi4.constantine.Wistron.hv
Mainstream,uefi4.carnage.Wistron.hv
Value,Acoustic
Value,Carnage_Wistron_HW
Value,chipset_device_driver
Value,Constantine_Wistron_HW
Value,CPU
Value,ECAT Power
Value,HeatSink
Value,imm3.carnage.wistron.hv
Value,imm3.constantine.wistron.hv
Value,imm3.platform.carnage.hv
Value,imm3.platform.Constantine.hv
Value,internal_cables
Value,labels
Value,Mainboard
Value,Mechanical_Carnage
Value,Mechanical_Constantine
Value,PSU.hv
Value,PSU_CFF3
Value,PSU_ITE
Value,Rack_Rail
Value,SV_Carnage
Value,SV_Constantine
Value,TCM
Value,Thermal
Value,Thermal_Carnage
Value,Thermal_Constantine
Value,uefi4.carnage.Wistron.hv
Value,uefi4.constantine.Wistron.hv
Odin,chipset_device_driver
Odin,cmm_i2c_mux_fpga
Odin,imm3.odin.compal.hv
Odin,imm3.platform.odin.hv
Odin,Mechanical_Odin
Odin,ob_video_device_driver
Odin,Odin_Compal_HW
Odin,PSU.hv
Odin,PSU_CFF3
Odin,SV_Odin
Odin,TCM
Odin,ThinkServer_fpga
Odin,uefi4.odin.compal.hv
Odin,Thermal_Odin
